Название,Цена,URL
Подвесной светильник Сансет Black,5190руб.,https://www.divan.ru/product/podvesnoj-svetilnik-sanset-black
Торшер Билли Black,12 990руб.,https://www.divan.ru/product/torsher-billi-black
Подвесной светильник Бабл-9,16 490руб.,https://www.divan.ru/product/podvesnoj-svetilnik-babl-9
Торшер Бабл-1,6190руб.,https://www.divan.ru/product/torsher-babl-1
Подвесной светильник Бабл-3,6190руб.,https://www.divan.ru/product/podvesnoj-svetilnik-babl-3
Бра Бабл Black,1990руб.,https://www.divan.ru/product/bra-babl-black
Настольная лампа Дэнди Black,2990руб.,https://www.divan.ru/product/nastolnaya-lampa-dendi-black
Настольная лампа Дэнди White,2990руб.,https://www.divan.ru/product/nastolnaya-lampa-dendi-white
Торшер Варио White,3999руб.,https://www.divan.ru/product/torsher-vario-white
Бра Варио Black,990руб.,https://www.divan.ru/product/bra-vario-black
Бра Варио White,990руб.,https://www.divan.ru/product/bra-vario-white
Подвесной светильник Сансет White,3690руб.,https://www.divan.ru/product/podvesnoj-svetilnik-sanset-white
Подвесной светильник Кэндел Black,2690руб.,https://www.divan.ru/product/podvesnoj-svetilnik-kendel-black
Подвесной светильник Кэндел White,2690руб.,https://www.divan.ru/product/podvesnoj-svetilnik-kendel-white
Торшер Вена Beige,9990руб.,https://www.divan.ru/product/torsher-vena-beige
Настольная лампа Сфера Orange,4990руб.,https://www.divan.ru/product/nastolnaya-lampa-sfera-orange
Торшер Вена Black,9990руб.,https://www.divan.ru/product/torsher-vena-black
Настольная лампа Гровер Glass,3990руб.,https://www.divan.ru/product/nastolnaya-lampa-grover-glass
Настольная лампа Спайк Green,990руб.,https://www.divan.ru/product/nastolnaya-lampa-spajk-green
Настольная лампа Рэй Black,2990руб.,https://www.divan.ru/product/nastolnaya-lampa-rej-black
Подвесной светильник Портланд Black,1990руб.,https://www.divan.ru/product/podvesnoj-svetilnik-portland-black
Торшер Рэй White,4990руб.,https://www.divan.ru/product/torsher-rej-white
Торшер Мун Black,5990руб.,https://www.divan.ru/product/torsher-mun-black
Торшер Варио Black,4990руб.,https://www.divan.ru/product/torsher-vario-black
Настольная лампа Раффи Round,5990руб.,https://www.divan.ru/product/nastolnaya-lampa-raffi-round
Торшер Гросс White,5990руб.,https://www.divan.ru/product/torsher-gross-white
Бра Moderli Alina,3190руб.,https://www.divan.ru/product/bra-moderli-alina
Подвесной светильник Маро Green,11 690руб.,https://www.divan.ru/product/podvesnoj-svetilnik-maro-green
Настольная лампа Машрум Grey,3990руб.,https://www.divan.ru/product/nastolnaya-lampa-mashrum-grey
Настольная лампа Рэй White,2590руб.,https://www.divan.ru/product/nastolnaya-lampa-rej-white
Светильник потолочный Matthew,4990руб.,https://www.divan.ru/product/svetilnik-potolochnyj-matthew
Настольная лампа Junior-4,2990руб.,https://www.divan.ru/product/nastolnaya-lampa-junior-4
Спот Лайт-1 Black,2390руб.,https://www.divan.ru/product/spot-lajt-1-black
Настольная лампа Спайк Orange,990руб.,https://www.divan.ru/product/nastolnaya-lampa-spajk-orange
Настольная лампа Junior-1,3990руб.,https://www.divan.ru/product/nastolnaya-lampa-junior-1
Подвесной светильник Milligan,5490руб.,https://www.divan.ru/product/podvesnoj-svetilnik-milligan
Настольная лампа Сфера Black,3990руб.,https://www.divan.ru/product/nastolnaya-lampa-sfera-black
Подвесной светильник Townshend-4,10 990руб.,https://www.divan.ru/product/podvesnoj-svetilnik-townshend-4
Люстра Монти-3 White,9990руб.,https://www.divan.ru/product/lyustra-monti-3-white
Настольная лампа Junior-2,2890руб.,https://www.divan.ru/product/nastolnaya-lampa-junior-2
Торшер Duetto,6990руб.,https://www.divan.ru/product/torsher-duetto
Настольная лампа Sphere,6530руб.,https://www.divan.ru/product/nastolnaya-lampa-sphere
Подвесной светильник Layham,19 790руб.,https://www.divan.ru/product/podvesnoj-svetilnik-layham
Бра Galdakao-1,6590руб.,https://www.divan.ru/product/bra-galdakao
Настольная лампа Гросс White,3590руб.,https://www.divan.ru/product/nastolnaya-lampa-gross-white
Подвесной светильник Сэнсил Silver,4590руб.,https://www.divan.ru/product/podvesnoj-svetilnik-sensil-silver
Подвесной светильник Tureis,3390руб.,https://www.divan.ru/product/podvesnoj-svetilnik-tureis
Бра Moderli Birds-1,9390руб.,https://www.divan.ru/product/bra-moderli-birds-1
